{"d":{"results":[{"__metadata":{"id":"http://stns4srvr.st.com:8000/sap/opu/odata/sap/ZOFT_FRUITS_SRV/FruitSet('Apple')","uri":"http://stns4srvr.st.com:8000/sap/opu/odata/sap/ZOFT_FRUITS_SRV/FruitSet('Apple')","type":"ZOFT_FRUITS_SRV.Fruit"},"FruitName":"Apple","Type":"Acidic","Nature":"Acidic","Color":"Red","HealthBenefit":"Vitamin C","Price":"2.000","Unit":"INR","Photo":"data:image/jpeg;base64,/9j/4AAQSkZJRgABAQAAAQABAAD"},{"__metadata":{"id":"http://stns4srvr.st.com:8000/sap/opu/odata/sap/ZOFT_FRUITS_SRV/FruitSet('Akee')","uri":"http://stns4srvr.st.com:8000/sap/opu/odata/sap/ZOFT_FRUITS_SRV/FruitSet('Akee')","type":"ZOFT_FRUITS_SRV.Fruit"},"FruitName":"Akee","Type":"Acidic","Nature":"Acidic","Color":"Reddish","HealthBenefit":"Good for eyes","Price":"15.00","Unit":"USD","Photo":"data:image/jpeg;base64,/9j/4AAQSkZJRgABAQAAAQABAAD"},{"__metadata":{"id":"http://stns4srvr.st.com:8000/sap/opu/odata/sap/ZOFT_FRUITS_SRV/FruitSet('Apricot')","uri":"http://stns4srvr.st.com:8000/sap/opu/odata/sap/ZOFT_FRUITS_SRV/FruitSet('Apricot')","type":"ZOFT_FRUITS_SRV.Fruit"},"FruitName":"Apricot","Type":"Alkaline","Nature":"Alkaline","Color":"Orange","HealthBenefit":"good for hair","Price":"35.00","Unit":"EUR","Photo":"data:image/jpeg;base64,/9j/4AAQSkZJRgABAQAAAQABAAD"},{"__metadata":{"id":"http://stns4srvr.st.com:8000/sap/opu/odata/sap/ZOFT_FRUITS_SRV/FruitSet('Avocado')","uri":"http://stns4srvr.st.com:8000/sap/opu/odata/sap/ZOFT_FRUITS_SRV/FruitSet('Avocado')","type":"ZOFT_FRUITS_SRV.Fruit"},"FruitName":"Avocado","Type":"Alkaline","Nature":"Alkaline","Color":"Green","HealthBenefit":"good for energy","Price":"10.400","Unit":"INR","Photo":"data:image/jpeg;base64,/9j/4AAQSkZJRgABAQAAAQABAAD"},{"__metadata":{"id":"http://stns4srvr.st.com:8000/sap/opu/odata/sap/ZOFT_FRUITS_SRV/FruitSet('Banana')","uri":"http://stns4srvr.st.com:8000/sap/opu/odata/sap/ZOFT_FRUITS_SRV/FruitSet('Banana')","type":"ZOFT_FRUITS_SRV.Fruit"},"FruitName":"Banana","Type":"Neutral","Nature":"Neutral","Color":"Yellow","HealthBenefit":"Instant Energy","Price":"2.500","Unit":"INR","Photo":"data:image/jpeg;base64,/9j/4AAQSkZJRgABAQAAAQABAAD"},{"__metadata":{"id":"http://stns4srvr.st.com:8000/sap/opu/odata/sap/ZOFT_FRUITS_SRV/FruitSet('Bilberry')","uri":"http://stns4srvr.st.com:8000/sap/opu/odata/sap/ZOFT_FRUITS_SRV/FruitSet('Bilberry')","type":"ZOFT_FRUITS_SRV.Fruit"},"FruitName":"Bilberry","Type":"Acidic","Nature":"Acidic","Color":"Blue","HealthBenefit":"good for eyes","Price":"29.00","Unit":"EUR","Photo":"data:image/jpeg;base64,/9j/4AAQSkZJRgABAQAAAQABAAD"},{"__metadata":{"id":"http://stns4srvr.st.com:8000/sap/opu/odata/sap/ZOFT_FRUITS_SRV/FruitSet('Blackberry')","uri":"http://stns4srvr.st.com:8000/sap/opu/odata/sap/ZOFT_FRUITS_SRV/FruitSet('Blackberry')","type":"ZOFT_FRUITS_SRV.Fruit"},"FruitName":"Blackberry","Type":"Acidic","Nature":"Acidic","Color":"Black","HealthBenefit":"high in fiber","Price":"54.00","Unit":"SAR","Photo":"data:image/jpeg;base64,/9j/4AAQSkZJRgABAQAAAQABAAD"},{"__metadata":{"id":"http://stns4srvr.st.com:8000/sap/opu/odata/sap/ZOFT_FRUITS_SRV/FruitSet('Blackcurrant')","uri":"http://stns4srvr.st.com:8000/sap/opu/odata/sap/ZOFT_FRUITS_SRV/FruitSet('Blackcurrant')","type":"ZOFT_FRUITS_SRV.Fruit"},"FruitName":"Blackcurrant","Type":"Acidic","Nature":"Acidic","Color":"Black","HealthBenefit":"most significant is vitamin C","Price":"20.000","Unit":"INR","Photo":"data:image/jpeg;base64,/9j/4AAQSkZJRgABAQAAAQABAAD"},{"__metadata":{"id":"http://stns4srvr.st.com:8000/sap/opu/odata/sap/ZOFT_FRUITS_SRV/FruitSet('Blueberry')","uri":"http://stns4srvr.st.com:8000/sap/opu/odata/sap/ZOFT_FRUITS_SRV/FruitSet('Blueberry')","type":"ZOFT_FRUITS_SRV.Fruit"},"FruitName":"Blueberry","Type":"Acidic","Nature":"Acidic","Color":"Blue","HealthBenefit":"Low in Calories, But High in Nutrients","Price":"25.000","Unit":"INR","Photo":"data:image/jpeg;base64,/9j/4AAQSkZJRgABAQAAAQABAAD"},{"__metadata":{"id":"http://stns4srvr.st.com:8000/sap/opu/odata/sap/ZOFT_FRUITS_SRV/FruitSet('Cherry')","uri":"http://stns4srvr.st.com:8000/sap/opu/odata/sap/ZOFT_FRUITS_SRV/FruitSet('Cherry')","type":"ZOFT_FRUITS_SRV.Fruit"},"FruitName":"Cherry","Type":"Acidic","Nature":"Acidic","Color":"Red","HealthBenefit":"Cherries are full of antioxidants","Price":"22.000","Unit":"INR","Photo":"data:image/jpeg;base64,/9j/4AAQSkZJRgABAQAAAQABAAD"},{"__metadata":{"id":"http://stns4srvr.st.com:8000/sap/opu/odata/sap/ZOFT_FRUITS_SRV/FruitSet('Cloudberry')","uri":"http://stns4srvr.st.com:8000/sap/opu/odata/sap/ZOFT_FRUITS_SRV/FruitSet('Cloudberry')","type":"ZOFT_FRUITS_SRV.Fruit"},"FruitName":"Cloudberry","Type":"Acidic","Nature":"Acidic","Color":"Orange","HealthBenefit":"Boosted Immunity","Price":"23.400","Unit":"INR","Photo":"data:image/jpeg;base64,/9j/4AAQSkZJRgABAQAAAQABAAD"},{"__metadata":{"id":"http://stns4srvr.st.com:8000/sap/opu/odata/sap/ZOFT_FRUITS_SRV/FruitSet('Coconut')","uri":"http://stns4srvr.st.com:8000/sap/opu/odata/sap/ZOFT_FRUITS_SRV/FruitSet('Coconut')","type":"ZOFT_FRUITS_SRV.Fruit"},"FruitName":"Coconut","Type":"Alkaline","Nature":"Alkaline","Color":"White","HealthBenefit":"rich in fibre, vitamins C, E, B1, B3, B5 and B6","Price":"2.000","Unit":"INR","Photo":"data:image/jpeg;base64,/9j/4AAQSkZJRgABAQAAAQABAAD"},{"__metadata":{"id":"http://stns4srvr.st.com:8000/sap/opu/odata/sap/ZOFT_FRUITS_SRV/FruitSet('Cranberry')","uri":"http://stns4srvr.st.com:8000/sap/opu/odata/sap/ZOFT_FRUITS_SRV/FruitSet('Cranberry')","type":"ZOFT_FRUITS_SRV.Fruit"},"FruitName":"Cranberry","Type":"Alkaline","Nature":"Alkaline","Color":"Red","HealthBenefit":"cranberries have been linked to a lower risk of ur","Price":"200.00","Unit":"USD","Photo":"data:image/jpeg;base64,/9j/4AAQSkZJRgABAQAAAQABAAD"},{"__metadata":{"id":"http://stns4srvr.st.com:8000/sap/opu/odata/sap/ZOFT_FRUITS_SRV/FruitSet('Cucumber')","uri":"http://stns4srvr.st.com:8000/sap/opu/odata/sap/ZOFT_FRUITS_SRV/FruitSet('Cucumber')","type":"ZOFT_FRUITS_SRV.Fruit"},"FruitName":"Cucumber","Type":"Neutral","Nature":"Neutral","Color":"Green","HealthBenefit":"Contains Antioxidants","Price":"4.000","Unit":"INR","Photo":"data:image/jpeg;base64,/9j/4AAQSkZJRgABAQAAAQABAAD"},{"__metadata":{"id":"http://stns4srvr.st.com:8000/sap/opu/odata/sap/ZOFT_FRUITS_SRV/FruitSet('Damson')","uri":"http://stns4srvr.st.com:8000/sap/opu/odata/sap/ZOFT_FRUITS_SRV/FruitSet('Damson')","type":"ZOFT_FRUITS_SRV.Fruit"},"FruitName":"Damson","Type":"Acidic","Nature":"Acidic","Color":"Blue","HealthBenefit":"ability to improve the digestive system, lower cho","Price":"22.000","Unit":"INR","Photo":"data:image/jpeg;base64,/9j/4AAQSkZJRgABAQAAAQABAAD"},{"__metadata":{"id":"http://stns4srvr.st.com:8000/sap/opu/odata/sap/ZOFT_FRUITS_SRV/FruitSet('Date')","uri":"http://stns4srvr.st.com:8000/sap/opu/odata/sap/ZOFT_FRUITS_SRV/FruitSet('Date')","type":"ZOFT_FRUITS_SRV.Fruit"},"FruitName":"Date","Type":"Alkaline","Nature":"Alkaline","Color":"Brown","HealthBenefit":"Dates are a good source of various vitamins and mi","Price":"10.00","Unit":"USD","Photo":"data:image/jpeg;base64,/9j/4AAQSkZJRgABAQAAAQABAAD"},{"__metadata":{"id":"http://stns4srvr.st.com:8000/sap/opu/odata/sap/ZOFT_FRUITS_SRV/FruitSet('Dragonfruit')","uri":"http://stns4srvr.st.com:8000/sap/opu/odata/sap/ZOFT_FRUITS_SRV/FruitSet('Dragonfruit')","type":"ZOFT_FRUITS_SRV.Fruit"},"FruitName":"Dragonfruit","Type":"Neutral","Nature":"Neutral","Color":"Pink","HealthBenefit":"Loaded With Fiber","Price":"11.000","Unit":"INR","Photo":"data:image/jpeg;base64,/9j/4AAQSkZJRgABAQAAAQABAAD"},{"__metadata":{"id":"http://stns4srvr.st.com:8000/sap/opu/odata/sap/ZOFT_FRUITS_SRV/FruitSet('')","uri":"http://stns4srvr.st.com:8000/sap/opu/odata/sap/ZOFT_FRUITS_SRV/FruitSet('')","type":"ZOFT_FRUITS_SRV.Fruit"},"FruitName":"","Type":"","Nature":"","Color":"","HealthBenefit":"","Price":"0.00","Unit":"","Photo":""},{"__metadata":{"id":"http://stns4srvr.st.com:8000/sap/opu/odata/sap/ZOFT_FRUITS_SRV/FruitSet('Gooseberry')","uri":"http://stns4srvr.st.com:8000/sap/opu/odata/sap/ZOFT_FRUITS_SRV/FruitSet('Gooseberry')","type":"ZOFT_FRUITS_SRV.Fruit"},"FruitName":"Gooseberry","Type":"Acidic","Nature":"Acidic","Color":"Green","HealthBenefit":"They are low in calories, fat- and cholesterol-fre","Price":"145.00","Unit":"USD","Photo":"data:image/jpeg;base64,/9j/4AAQSkZJRgABAQAAAQABAAD"},{"__metadata":{"id":"http://stns4srvr.st.com:8000/sap/opu/odata/sap/ZOFT_FRUITS_SRV/FruitSet('Grape')","uri":"http://stns4srvr.st.com:8000/sap/opu/odata/sap/ZOFT_FRUITS_SRV/FruitSet('Grape')","type":"ZOFT_FRUITS_SRV.Fruit"},"FruitName":"Grape","Type":"Acidic","Nature":"Acidic","Color":"Green","HealthBenefit":"Packed With Nutrients, Especially Vitamins C and K","Price":"16.000","Unit":"INR","Photo":"data:image/jpeg;base64,/9j/4AAQSkZJRgABAQAAAQABAAD"}]}}