<?xml version="1.0" encoding="utf-8"?>
<edmx:Edmx Version="1.0" xmlns:edmx="http://schemas.microsoft.com/ado/2007/06/edmx"
	xmlns:m="http://schemas.microsoft.com/ado/2007/08/dataservices/metadata" xmlns:sap="http://www.sap.com/Protocols/SAPData">
	<edmx:DataServices m:DataServiceVersion="2.0">
		<Schema Namespace="ZOFT_FRUITS_SRV" xml:lang="en" sap:schema-version="1" xmlns="http://schemas.microsoft.com/ado/2008/09/edm">
			<EntityType Name="Fruit" sap:content-version="1">
				<Key><PropertyRef Name="FruitName"/></Key><Property Name="FruitName" Type="Edm.String" Nullable="false" MaxLength="80" sap:unicode="false" sap:label="FRUIT_NAME"
					sap:creatable="false" sap:updatable="false" sap:sortable="false" sap:filterable="false"/><Property Name="Type" Type="Edm.String" Nullable="false" MaxLength="10" sap:unicode="false" sap:label="TYPE" sap:creatable="false"
					sap:updatable="false" sap:sortable="false" sap:filterable="false"/><Property Name="Nature" Type="Edm.String" Nullable="false" MaxLength="10" sap:unicode="false" sap:label="NATURE" sap:creatable="false"
					sap:updatable="false" sap:sortable="false" sap:filterable="false"/><Property Name="Color" Type="Edm.String" Nullable="false" MaxLength="10" sap:unicode="false" sap:label="COLOR" sap:creatable="false"
					sap:updatable="false" sap:sortable="false" sap:filterable="false"/><Property Name="HealthBenefit" Type="Edm.String" Nullable="false" MaxLength="255" sap:unicode="false" sap:label="HEALTH_BENEFIT"
					sap:creatable="false" sap:updatable="false" sap:sortable="false" sap:filterable="false"/><Property Name="Price" Type="Edm.Decimal" Nullable="false" Precision="10" Scale="2" sap:unicode="false" sap:unit="Unit" sap:label="PRICE"
					sap:creatable="false" sap:updatable="false" sap:sortable="false" sap:filterable="false"/><Property Name="Unit" Type="Edm.String" Nullable="false" MaxLength="5" sap:unicode="false" sap:label="UNIT" sap:creatable="false"
					sap:updatable="false" sap:sortable="false" sap:filterable="false" sap:semantics="currency-code"/><Property Name="Photo" Type="Edm.String" Nullable="false" sap:unicode="false" sap:label="PHOTO" sap:creatable="false" sap:updatable="false"
					sap:sortable="false" sap:filterable="false"/></EntityType>
			<EntityType Name="Supplier" sap:content-version="1">
				<Key><PropertyRef Name="SupplierId"/></Key><Property Name="SupplierId" Type="Edm.String" Nullable="false" MaxLength="10" sap:unicode="false" sap:label="Business Partner ID"
					sap:creatable="false" sap:updatable="false" sap:sortable="false" sap:filterable="false"/><Property Name="SupplierName" Type="Edm.String" Nullable="false" MaxLength="80" sap:unicode="false" sap:label="Company"
					sap:creatable="false" sap:updatable="false" sap:sortable="false" sap:filterable="false"/><Property Name="EmailAddress" Type="Edm.String" Nullable="false" MaxLength="255" sap:unicode="false" sap:label="Email" sap:creatable="false"
					sap:updatable="false" sap:sortable="false" sap:filterable="false"/><Property Name="City" Type="Edm.String" Nullable="false" MaxLength="255" sap:unicode="false" sap:label="Email" sap:creatable="false"
					sap:updatable="false" sap:sortable="false" sap:filterable="false"/><Property Name="Sincewhen" Type="Edm.String" Nullable="false" MaxLength="255" sap:unicode="false" sap:label="Email" sap:creatable="false"
					sap:updatable="false" sap:sortable="false" sap:filterable="false"/><Property Name="Country" Type="Edm.String" Nullable="false" MaxLength="255" sap:unicode="false" sap:label="Email" sap:creatable="false"
					sap:updatable="false" sap:sortable="false" sap:filterable="false"/><Property Name="Contactperson" Type="Edm.String" Nullable="false" MaxLength="255" sap:unicode="false" sap:label="Email"
					sap:creatable="false" sap:updatable="false" sap:sortable="false" sap:filterable="false"/><Property Name="Website" Type="Edm.String" Nullable="false" MaxLength="255" sap:unicode="false" sap:label="Email" sap:creatable="false"
					sap:updatable="false" sap:sortable="false" sap:filterable="false"/><NavigationProperty Name="ToSupplierFruits" Relationship="ZOFT_FRUITS_SRV.Asso_SupplierFruits" FromRole="FromRole_Asso_SupplierFruits"
					ToRole="ToRole_Asso_SupplierFruits"/></EntityType>
			<EntityType Name="SuppFruits" sap:content-version="1">
				<Key><PropertyRef Name="SupplierId"/><PropertyRef Name="FruitId"/></Key><Property Name="SupplierId" Type="Edm.String" Nullable="false" MaxLength="10" sap:unicode="false" sap:label="Business Partner ID"
					sap:creatable="false" sap:updatable="false" sap:sortable="false" sap:filterable="false"/><Property Name="FruitId" Type="Edm.String" Nullable="false" MaxLength="10" sap:unicode="false" sap:label="Character Field Length = 10"
					sap:creatable="false" sap:updatable="false" sap:sortable="false" sap:filterable="false"/><Property Name="Availability" Type="Edm.String" Nullable="false" MaxLength="1" sap:unicode="false" sap:label="Single-Character Flag"
					sap:creatable="false" sap:updatable="false" sap:sortable="false" sap:filterable="false"/><NavigationProperty Name="ToFruits" Relationship="ZOFT_FRUITS_SRV.Asso_Fruits" FromRole="FromRole_Asso_Fruits" ToRole="ToRole_Asso_Fruits"/></EntityType>
			<Association Name="Asso_SupplierFruits" sap:content-version="1"><End Type="ZOFT_FRUITS_SRV.Supplier" Multiplicity="1" Role="FromRole_Asso_SupplierFruits"/><End Type="ZOFT_FRUITS_SRV.SuppFruits" Multiplicity="*" Role="ToRole_Asso_SupplierFruits"/>
				<ReferentialConstraint>
					<Principal Role="FromRole_Asso_SupplierFruits"><PropertyRef Name="SupplierId"/></Principal>
					<Dependent Role="ToRole_Asso_SupplierFruits"><PropertyRef Name="SupplierId"/></Dependent>
				</ReferentialConstraint>
			</Association>
			<Association Name="Asso_Fruits" sap:content-version="1"><End Type="ZOFT_FRUITS_SRV.SuppFruits" Multiplicity="1" Role="FromRole_Asso_Fruits"/><End Type="ZOFT_FRUITS_SRV.Fruit" Multiplicity="1" Role="ToRole_Asso_Fruits"/>
				<ReferentialConstraint>
					<Principal Role="FromRole_Asso_Fruits"><PropertyRef Name="FruitId"/><PropertyRef Name="SupplierId"/></Principal>
					<Dependent Role="ToRole_Asso_Fruits"><PropertyRef Name="FruitName"/><PropertyRef Name="FruitName"/></Dependent>
				</ReferentialConstraint>
			</Association>
			<EntityContainer Name="ZOFT_FRUITS_SRV_Entities" m:IsDefaultEntityContainer="true" sap:supported-formats="atom json xlsx"><EntitySet Name="FruitSet" EntityType="ZOFT_FRUITS_SRV.Fruit" sap:creatable="false" sap:updatable="false" sap:deletable="false"
				sap:pageable="false" sap:content-version="1"/><EntitySet Name="SupplierSet" EntityType="ZOFT_FRUITS_SRV.Supplier" sap:creatable="false" sap:updatable="false" sap:deletable="false"
				sap:pageable="false" sap:content-version="1"/><EntitySet Name="SuppFruitsSet" EntityType="ZOFT_FRUITS_SRV.SuppFruits" sap:creatable="false" sap:updatable="false" sap:deletable="false"
				sap:pageable="false" sap:content-version="1"/>
				<AssociationSet Name="Asso_FruitsSet" Association="ZOFT_FRUITS_SRV.Asso_Fruits" sap:creatable="false" sap:updatable="false"
					sap:deletable="false" sap:content-version="1"><End EntitySet="SuppFruitsSet" Role="FromRole_Asso_Fruits"/><End EntitySet="FruitSet" Role="ToRole_Asso_Fruits"/></AssociationSet>
				<AssociationSet Name="Asso_SupplierFruitsSet" Association="ZOFT_FRUITS_SRV.Asso_SupplierFruits" sap:creatable="false" sap:updatable="false"
					sap:deletable="false" sap:content-version="1"><End EntitySet="SupplierSet" Role="FromRole_Asso_SupplierFruits"/><End EntitySet="SuppFruitsSet" Role="ToRole_Asso_SupplierFruits"/></AssociationSet>
			</EntityContainer><atom:link rel="self" href="http://stns4srvr.st.com:8000/sap/opu/odata/sap/ZOFT_FRUITS_SRV/$metadata"
				xmlns:atom="http://www.w3.org/2005/Atom"/><atom:link rel="latest-version" href="http://stns4srvr.st.com:8000/sap/opu/odata/sap/ZOFT_FRUITS_SRV/$metadata"
				xmlns:atom="http://www.w3.org/2005/Atom"/></Schema>
	</edmx:DataServices>
</edmx:Edmx>