<core:FragmentDefinition xmlns:core="sap.ui.core" xmlns="sap.m" xmlns:f="sap.ui.layout.form">
		<f:SimpleForm editable="true">
							<f:content>
								<Label text="City Name"></Label>
								<Select width="200px" items="{/cities}">
									<items>
										<core:Item key="{cityName}" text="{cityName}"></core:Item>
									</items>
								</Select>
								<Label text="City Search"></Label>
								<ComboBox width="200px" items="{/cities}">
									<items>
										<core:Item key="{cityName}" text="{cityName}"></core:Item>
									</items>
								</ComboBox>
								<Label text="Select City"></Label>
								<MultiComboBox width="400px" items="{/cities}">
									<items>
										<core:Item key="{cityName}" text="{cityName}"></core:Item>
									</items>
								</MultiComboBox>
								
								
							</f:content>
						</f:SimpleForm>
</core:FragmentDefinition>