<core:FragmentDefinition xmlns:core="sap.ui.core" xmlns="sap.m">
	<Table itemPress="onItemSelect" items="{/suppliers}" mode="MultiSelect">
		<headerToolbar>
			<Toolbar>
				<ToolbarSpacer/>
				<Button icon="sap-icon://filter" press="onFilter"></Button>
			</Toolbar>
		</headerToolbar>
		<columns>
			<Column>
				<Label text="Name"></Label>
			</Column>
			<Column>
				<Label text="City"></Label>
			</Column>
			<Column>
				<Label text="Since When"></Label>
			</Column>
		</columns>
		<items>
			<ColumnListItem type="Navigation">
				<cells>
					<!-- system will create Input controls (clone) as many
										number of rows exist in suppliers -->
					<Input value="{name}"></Input>
					<Input showValueHelp="true" valueHelpRequest="onRequest" value="{city}"></Input>
					<Text text="{sinceWhen}"></Text>
				</cells>
			</ColumnListItem>
		</items>
	</Table>
</core:FragmentDefinition>