{
    "application": {
        "id": "",
        "title": "oft.fiori.FioriAppNew",
        "description": "Fiori App from Course 1",
        "type": "SAP_UI5_Component",
        "componentUrl": "/webapp",
        "appUrl": "#FioriAppNew-Display",
        "navigationComponentName": "oft.fiori",
        "intentSemanticObject": "FioriAppNew",
        "intentAction": "Display",
        "html5ApplicationName": "fioriappnew",
        "HCPParentApplicationName": ""
    },
    "assignment": {
        "groups": [
            "5df8b5ce-4525-4e86-9e7c-c8c4df2f37dd"
        ],
        "contentPackages": [
            "00000000-0000-2222-0000-00000000"
        ],
        "categories": []
    },
    "tile": {
        "type": "StaticTile",
        "title": "Fruit Store",
        "subtitle": "Order a health today!",
        "searchKeywords": "Fruit Store,Order a health today!",
        "displayIconUrl": "sap-icon://approvals",
        "displayInfoText": "",
        "size": "1x1",
        "serviceURL": "",
        "refreshInterval": ""
    }
}