{
  "routes": [
			    {
			      "path": "/resources",
			      "target": {
			        "type": "service",
			        "name": "sapui5",
			        "entryPath": "/resources"
			      },
			      "description": "SAPUI5 Resources"
			    },
			    {
			      "path": "webapp/resources",
			      "target": {
			        "type": "service",
			        "name": "sapui5",
			        "entryPath": "/resources"
			      },
			      "description": "SAPUI5 Resources"
			    },
			     {
			      "path": "/test-resources",
			      "target": {
			        "type": "service",
			        "name": "sapui5",
			        "entryPath": "/test-resources"
			      },
			      "description": "SAPUI5 Resources"
			    },
			    {
			      "path": "webapp/test-resources",
			      "target": {
			        "type": "service",
			        "name": "sapui5",
			        "entryPath": "/test-resources"
			      },
			      "description": "SAPUI5 Resources"
			    },
			    {
			      "path": "/sap/opu/odata",
			      "target": {
			        "type": "destination",
			        "name": "S4CCLNT800",
			        "entryPath": "/sap/opu/odata"
			      },
			      "description": "S/4HANA 1809 On premise"
			    }
			]
}